skill,analyse clothing 3d prototypes,enforce regulations of selling alcoholic beverages to minors,check for damaged items,review unpublished articles,provide comprehensive care for patients with surgical conditions,synthesise research publications,attach protective attachments to timber piles,horary astrology,identify suppliers,commercial photography
analyse clothing 3d prototypes,1,0.6986890538273453,0.7375200863214731,0.7296178068463516,0.6986981386921226,0.7436937765180908,0.7382998411338328,0.7033561798293071,0.715918130679372,0.7181780832128395
enforce regulations of selling alcoholic beverages to minors,0.6986890538273453,1,0.7748360547099189,0.7418125104865136,0.7367025860422022,0.7311654016675637,0.718917175096221,0.69113168181574,0.7574288334085792,0.7502036007373695
check for damaged items,0.7375200863214731,0.7748360547099189,1,0.7788311455775699,0.7403251563579315,0.7563426452682631,0.7780186133975364,0.6996071806108978,0.7682693422693896,0.7505395196468916
review unpublished articles,0.7296178068463516,0.7418125104865136,0.7788311455775699,1,0.737342421185873,0.8217179255991115,0.7294917323189889,0.7100349669860787,0.7314536744716629,0.7012396249696555
provide comprehensive care for patients with surgical conditions,0.6986981386921226,0.7367025860422022,0.7403251563579315,0.737342421185873,1,0.7415845002082668,0.7186945218834642,0.7225060374752267,0.7273892408666497,0.7030836535778511
synthesise research publications,0.7436937765180908,0.7311654016675637,0.7563426452682631,0.8217179255991115,0.7415845002082668,1,0.7202436900457957,0.7464802189870909,0.7778184486199511,0.7387775492739546
attach protective attachments to timber piles,0.7382998411338328,0.718917175096221,0.7780186133975364,0.7294917323189889,0.7186945218834642,0.7202436900457957,1,0.6940003677630322,0.7394802931882932,0.717085576639754
horary astrology,0.7033561798293071,0.69113168181574,0.6996071806108978,0.7100349669860787,0.7225060374752267,0.7464802189870909,0.6940003677630322,1,0.7089835937092702,0.7460894608176816
identify suppliers,0.715918130679372,0.7574288334085792,0.7682693422693896,0.7314536744716629,0.7273892408666497,0.7778184486199511,0.7394802931882932,0.7089835937092702,1,0.7509068365901096
commercial photography,0.7181780832128395,0.7502036007373695,0.7505395196468916,0.7012396249696555,0.7030836535778511,0.7387775492739546,0.717085576639754,0.7460894608176816,0.7509068365901096,1
